1,Shatter the Doubt Tshirt (Black),,Black,Official Outfitter: FHBL TEES,300,10,1
2,Shatter the Doubt Tshirt (Gray),,Gray,Official Outfitter: FHBL TEES,300,10,1
3,FHBL Tshirt (Blue),,Blue,Official Outfitter: FHBL TEES,300,10,1
4,FHBL Tshirt (White),,White,Official Outfitter: FHBL TEES,300,10,1
5,Shatter the Doubt Zipped-Up Hoodie (Black),,Black,Official Outfitter Hoodies,800,10,2
6,Shatter the Doubt Zipped-Up Hoodie (Gray),,Gray,Official Outfitter Hoodies,800,10,2
7,Shatter the Doubt Zipped-Up Hoodie (Blue),,Blue,Official Outfitter Hoodies,800,10,2
8,Shatter the Doubt Hoodie (Black),,Black,Official Outfitter Hoodies,800,10,2
9,Shatter the Doubt Hoodie (Gray),,Gray,Official Outfitter Hoodies,800,10,2
10,Shatter the Doubt Hoodie (Blue),,Blue,Official Outfitter Hoodies,800,10,2
11,FHBL Zipped-Up Hoodie (Black),,Black,Official Outfitter Hoodies,800,10,3
12,FHBL Zipped-Up Hoodie (Gray),,Gray,Official Outfitter Hoodies,800,10,3
13,FHBL Zipped-Up Hoodie (Blue),,Blue,Official Outfitter Hoodies,800,10,3
14,FHBL Hoodie (Black),,Black,Official Outfitter Hoodies,800,10,3
15,FHBL Hoodie (Gray),,Gray,Official Outfitter Hoodies,800,10,3
16,FHBL Hoodie (Blue),,Blue,Official Outfitter Hoodies,800,10,3
17,SD Tumbler (Black),,Black,Others,350,10,4
18,SD Tumbler (Blue),,Blue,Others,350,10,4
19,FHBL Tumbler (Black),,Black,Others,350,10,4
20,FHBL Tumbler (Blue),,Blue,Others,350,10,4
