1,Shatter the Doubt Tshirt (Black),assets/images/merch1.jpg,Black,Official Outfitter: FHBL TEES,300,10,1
2,Shatter the Doubt Tshirt (Gray),assets/images/merch2.jpg,Gray,Official Outfitter: FHBL TEES,300,10,1
3,FHBL Tshirt (Blue),assets/images/merch4.jpg,Blue,Official Outfitter: FHBL TEES,300,10,1
4,FHBL Tshirt (White),assets/images/merch5.jpg,White,Official Outfitter: FHBL TEES,300,10,1
5,Shatter the Doubt Hoodie (Black),assets/images/merch6.jpg,Black,Official Outfitter Hoodies,800,10,2
6,Shatter the Doubt Hoodie (Gray),assets/images/merch10.jpg,Gray,Official Outfitter Hoodies,800,10,2
7,Shatter the Doubt Hoodie (Blue),assets/images/merch8.jpg,Blue,Official Outfitter Hoodies,800,10,2
8,FHBL Hoodie (Black),assets/images/merch7.jpg,Black,Official Outfitter Hoodies,800,10,2
9,FHBL Hoodie (Gray),assets/images/merch11.jpg,Gray,Official Outfitter Hoodies,800,10,2
10,FHBL Hoodie (Blue),assets/images/merch9.jpg,Blue,Official Outfitter Hoodies,800,10,2
